stock,year,bbmsy,ffmsy,bbmsy.effEdepP,ffmsy.effEdepP
Ariidae,1990,1.64207957984178,0.0404750699642532,1.64207957984178,0.0404750699642532
Ariidae,1991,1.28333672394705,0.0537254902882315,1.28333672394705,0.0537254902882315
Ariidae,1992,1.29642465609897,0.0527039825824144,1.29642465609897,0.0527039825824144
Ariidae,1993,1.36180237122054,0.0474784733938742,1.36180237122054,0.0474784733938742
Ariidae,1994,1.12360765288674,0.0596039917928183,1.12360765288674,0.0596039917928183
Ariidae,1995,1.1140517912745,0.0673128594061387,1.1140517912745,0.0673128594061387
Ariidae,1996,1.04062334641756,0.0655509084673442,1.04062334641756,0.0655509084673442
Ariidae,1997,1.05224570047366,0.0751304900385548,1.05224570047366,0.0751304900385548
Ariidae,1998,1.19491270364459,0.088323947063265,1.19491270364459,0.088323947063265
Ariidae,1999,1.17606516604687,0.081816999680328,1.17606516604687,0.081816999680328
Ariidae,2000,1.43474270253466,0.0609653033361443,1.43474270253466,0.0609653033361443
Ariidae,2001,1.52582898624644,0.0726843595797065,1.52582898624644,0.0726843595797065
Ariidae,2002,1.35463329447858,0.0900820720187079,1.35463329447858,0.0900820720187079
Ariidae,2003,1.29508465401221,0.0478314796727086,1.29508465401221,0.0478314796727086
Ariidae,2004,1.29736455173834,0.0560172603980439,1.29736455173834,0.0560172603980439
Ariidae,2005,2.13338965541683,0.10449904098177,2.13338965541683,0.10449904098177
Ariidae,2006,2.44960133301172,0.0962193415877036,2.44960133301172,0.0962193415877036
Ariidae,2007,2.20349920758063,0.0983295940651623,2.20349920758063,0.0983295940651623
Ariidae,2008,1.99404936028219,0.0774509540568736,1.99404936028219,0.0774509540568736
Ariidae,2009,2.15898136519253,0.0737573933925239,2.15898136519253,0.0737573933925239
Ariidae,2010,1.774806601935,0.0851731445310087,1.774806601935,0.0851731445310087
Ariidae,2011,1.47633447417583,0.0739354020066349,1.47633447417583,0.0739354020066349
Ariidae,2012,1.90188206872994,0.091121036316327,1.90188206872994,0.091121036316327
Ariidae,2013,2.55270902279399,0.082312103882494,2.55270902279399,0.082312103882494
Ariidae,2014,2.43478112519771,0.109096980934331,2.43478112519771,0.109096980934331
Ariidae,2015,2.74220730916152,0.111219064797954,2.74220730916152,0.111219064797954
Ariidae,2016,1.67277561200903,0.218443465319832,1.67277561200903,0.218443465319832
Ariidae,2017,1.42311790995893,0.236409519515572,1.42311790995893,0.236409519515572
Ariidae,2018,1.316094271131,0.303131112400971,1.316094271131,0.303131112400971
Ariidae,2019,1.15007579339478,0.254483771211021,1.15007579339478,0.254483771211021
Ariidae,2020,0.968558593110206,0.286930063315078,0.968558593110206,0.286930063315078
Ariidae,2021,0.830783588619757,0.388468410640256,0.830783588619757,0.388468410640256
Auxis thazard,1990,1.74474389405213,0.0233053997961472,1.74474389405213,0.0233053997961472
Auxis thazard,1991,0.659011587390634,0.0640084122744099,0.659011587390634,0.0640084122744099
Auxis thazard,1992,0.669913374706458,0.0540540475168142,0.669913374706458,0.0540540475168142
Auxis thazard,1993,0.693213978519293,0.0510010132943616,0.693213978519293,0.0510010132943616
Auxis thazard,1994,0.511256172352707,0.0729371782093789,0.511256172352707,0.0729371782093789
Auxis thazard,1995,0.447225554135129,0.0559985986111545,0.447225554135129,0.0559985986111545
Auxis thazard,1996,0.551466676878183,0.063458529312061,0.551466676878183,0.063458529312061
Auxis thazard,1997,0.906329861743233,0.176499209620353,0.906329861743233,0.176499209620353
Auxis thazard,1998,0.816533890571326,0.11032799286109,0.816533890571326,0.11032799286109
Auxis thazard,1999,0.539697942699669,0.11974828882829,0.539697942699669,0.11974828882829
Auxis thazard,2000,0.478755801259662,0.0949789632467541,0.478755801259662,0.0949789632467541
Auxis thazard,2001,0.225727734054244,0.102008333204451,0.225727734054244,0.102008333204451
Auxis thazard,2002,0.0555596956840262,0.448768382049435,0.0555596956840262,0.448768382049435
Auxis thazard,2003,0.00265722034372422,0.0104027462048803,0.00265722034372422,0.0104027462048803
Auxis thazard,2004,0.00046447379565213,5.95133441433382e-05,0.00046447379565213,5.95133441433382e-05
Auxis thazard,2005,0.059666129562422,0.541116214662342,0.059666129562422,0.541116214662342
Auxis thazard,2006,0.211973573393265,0.159093956159372,0.211973573393265,0.159093956159372
Auxis thazard,2007,0.410705247078292,0.104658791095647,0.410705247078292,0.104658791095647
Auxis thazard,2008,0.422189759513234,0.0773246164592206,0.422189759513234,0.0773246164592206
Auxis thazard,2009,0.46917751468408,0.0706411181041361,0.46917751468408,0.0706411181041361
Auxis thazard,2010,0.357032599464726,0.0984048871170086,0.357032599464726,0.0984048871170086
Auxis thazard,2011,0.320237639654121,0.088219093417983,0.320237639654121,0.088219093417983
Auxis thazard,2012,0.19962518595749,0.0167564300979132,0.19962518595749,0.0167564300979132
Auxis thazard,2013,0.526859541652615,0.106297842636625,0.526859541652615,0.106297842636625
Auxis thazard,2014,0.615309383407467,0.160335090691741,0.615309383407467,0.160335090691741
Auxis thazard,2015,0.730422321283124,0.185437522101568,0.730422321283124,0.185437522101568
Auxis thazard,2016,0.0272626065239241,8.61232584836108,0.0272626065239241,8.61232584836108
Auxis thazard,2017,4.32007444691393e-05,3480.19356569018,4.32007444691393e-05,3480.19356569018
Auxis thazard,2018,1.4511878432344e-06,181204.691260289,1.4511878432344e-06,181204.691260289
Auxis thazard,2019,3.25254989770563e-08,4135458.89704966,3.25254989770563e-08,4135458.89704966
Auxis thazard,2020,1.42604690079125e-08,8998328.99851421,1.42604690079125e-08,8998328.99851421
Auxis thazard,2021,3.87517636692472e-09,35751430.8850315,3.87517636692472e-09,35751430.8850315
Bramidae,1990,1.77673620424491,0.150857441231703,1.77673620424491,0.150857441231703
Bramidae,1991,1.56982335532664,0.130550085345106,1.56982335532664,0.130550085345106
Bramidae,1992,1.62489106900278,0.127789841263893,1.62489106900278,0.127789841263893
Bramidae,1993,1.56892988194174,0.097016825838923,1.56892988194174,0.097016825838923
Bramidae,1994,1.3421471375118,0.131122175799085,1.3421471375118,0.131122175799085
Bramidae,1995,1.41025163474406,0.139889391596497,1.41025163474406,0.139889391596497
Bramidae,1996,1.50355219478395,0.167027048419173,1.50355219478395,0.167027048419173
Bramidae,1997,1.409927719659,0.18179410615408,1.409927719659,0.18179410615408
Bramidae,1998,1.31614414027639,0.176771337750557,1.31614414027639,0.176771337750557
Bramidae,1999,1.2252120829574,0.155498993946881,1.2252120829574,0.155498993946881
Bramidae,2000,1.73194277348996,0.159312735271735,1.73194277348996,0.159312735271735
Bramidae,2001,1.62316711539649,0.147707869899191,1.62316711539649,0.147707869899191
Bramidae,2002,1.52656488287277,0.17100389921431,1.52656488287277,0.17100389921431
Bramidae,2003,1.93379425038241,0.142741766420805,1.93379425038241,0.142741766420805
Bramidae,2004,1.54825886669386,0.161549138249991,1.54825886669386,0.161549138249991
Bramidae,2005,1.49831091402152,0.162422823269866,1.49831091402152,0.162422823269866
Bramidae,2006,1.54929824668565,0.167258444570729,1.54929824668565,0.167258444570729
Bramidae,2007,1.39863582058637,0.159256537645291,1.39863582058637,0.159256537645291
Bramidae,2008,1.63236412963382,0.170204593443992,1.63236412963382,0.170204593443992
Bramidae,2009,1.77495081538412,0.140726088684718,1.77495081538412,0.140726088684718
Bramidae,2010,1.89278294654066,0.195114168748892,1.89278294654066,0.195114168748892
Bramidae,2011,1.80127921139017,0.212786803081037,1.80127921139017,0.212786803081037
Bramidae,2012,1.80635338491182,0.18545064126661,1.80635338491182,0.18545064126661
Bramidae,2013,2.17892597127161,0.155922656036076,2.17892597127161,0.155922656036076
Bramidae,2014,2.14629794733575,0.219138482141651,2.14629794733575,0.219138482141651
Bramidae,2015,2.23463972803728,0.209913795241448,2.23463972803728,0.209913795241448
Bramidae,2016,1.80576496559027,0.220933298975834,1.80576496559027,0.220933298975834
Bramidae,2017,1.68940401821696,0.298995971592386,1.68940401821696,0.298995971592386
Bramidae,2018,1.57199553675384,0.284151457240626,1.57199553675384,0.284151457240626
Bramidae,2019,1.49047789411772,0.281586809527689,1.49047789411772,0.281586809527689
Bramidae,2020,1.30243117791166,0.305223716805379,1.30243117791166,0.305223716805379
Bramidae,2021,1.12828212628067,0.374787443299188,1.12828212628067,0.374787443299188
Centropomus spp,1990,1.63115452327542,0.0251510047958648,1.63115452327542,0.0251510047958648
Centropomus spp,1991,1.21278740254012,0.0453284184048861,1.21278740254012,0.0453284184048861
Centropomus spp,1992,1.17681304127319,0.0372628042334158,1.17681304127319,0.0372628042334158
Centropomus spp,1993,1.56383149344208,0.044131008836196,1.56383149344208,0.044131008836196
Centropomus spp,1994,1.39656094273556,0.0669769550899289,1.39656094273556,0.0669769550899289
Centropomus spp,1995,1.05385274958828,0.0487041976169965,1.05385274958828,0.0487041976169965
Centropomus spp,1996,0.952302815310274,0.0561954255104635,0.952302815310274,0.0561954255104635
Centropomus spp,1997,0.954483951740398,0.0653319170506695,0.954483951740398,0.0653319170506695
Centropomus spp,1998,1.03105785624131,0.0664925113173766,1.03105785624131,0.0664925113173766
Centropomus spp,1999,1.16171463488143,0.0781623861256625,1.16171463488143,0.0781623861256625
Centropomus spp,2000,1.36707782003131,0.053950219432337,1.36707782003131,0.053950219432337
Centropomus spp,2001,1.33232192584729,0.0589842445880588,1.33232192584729,0.0589842445880588
Centropomus spp,2002,1.20020871581853,0.0521081039065894,1.20020871581853,0.0521081039065894
Centropomus spp,2003,1.93801237252924,0.0635530993068081,1.93801237252924,0.0635530993068081
Centropomus spp,2004,1.67419495140779,0.0636570361607599,1.67419495140779,0.0636570361607599
Centropomus spp,2005,1.84173863467222,0.069746260193371,1.84173863467222,0.069746260193371
Centropomus spp,2006,1.97537483802877,0.0697353328039967,1.97537483802877,0.0697353328039967
Centropomus spp,2007,1.96255581613287,0.0784595049270503,1.96255581613287,0.0784595049270503
Centropomus spp,2008,2.0224005847747,0.0715848710443066,2.0224005847747,0.0715848710443066
Centropomus spp,2009,2.12314205687166,0.0634648578768924,2.12314205687166,0.0634648578768924
Centropomus spp,2010,1.92970966186592,0.0766768882117148,1.92970966186592,0.0766768882117148
Centropomus spp,2011,1.50321693242846,0.064590088519267,1.50321693242846,0.064590088519267
Centropomus spp,2012,1.91510784066298,0.0787848467929656,1.91510784066298,0.0787848467929656
Centropomus spp,2013,2.67404162594968,0.0789602150695859,2.67404162594968,0.0789602150695859
Centropomus spp,2014,2.67581129560503,0.11672659228848,2.67581129560503,0.11672659228848
Centropomus spp,2015,2.90240932381023,0.103969813341535,2.90240932381023,0.103969813341535
Centropomus spp,2016,1.26304010839384,0.312036950236932,1.26304010839384,0.312036950236932
Centropomus spp,2017,0.992872142243858,0.360491393560495,0.992872142243858,0.360491393560495
Centropomus spp,2018,0.853799679971268,0.516805711920971,0.853799679971268,0.516805711920971
Centropomus spp,2019,0.701839166306934,0.455160355610343,0.701839166306934,0.455160355610343
Centropomus spp,2020,0.530081467977147,0.534468137959314,0.530081467977147,0.534468137959314
Centropomus spp,2021,0.358334015840215,0.87254339072156,0.358334015840215,0.87254339072156
Coryphaena hippurus,1990,1.72231217084845,0.10666871805848,1.72231217084845,0.10666871805848
Coryphaena hippurus,1991,1.69798998319112,0.114877554666601,1.69798998319112,0.114877554666601
Coryphaena hippurus,1992,1.93869636004167,0.114201656222777,1.93869636004167,0.114201656222777
Coryphaena hippurus,1993,2.41423885216048,0.114086078127982,2.41423885216048,0.114086078127982
Coryphaena hippurus,1994,1.77817411853883,0.140622342031852,1.77817411853883,0.140622342031852
Coryphaena hippurus,1995,1.63677130715728,0.126046262836002,1.63677130715728,0.126046262836002
Coryphaena hippurus,1996,1.49875292875745,0.13284288948134,1.49875292875745,0.13284288948134
Coryphaena hippurus,1997,1.44206016666427,0.144865378317095,1.44206016666427,0.144865378317095
Coryphaena hippurus,1998,1.5340371302141,0.150844152058776,1.5340371302141,0.150844152058776
Coryphaena hippurus,1999,1.65443052336723,0.164563294928117,1.65443052336723,0.164563294928117
Coryphaena hippurus,2000,2.2258530477589,0.148576530728534,2.2258530477589,0.148576530728534
Coryphaena hippurus,2001,1.73684445408445,0.136219394896511,1.73684445408445,0.136219394896511
Coryphaena hippurus,2002,1.47168603796581,0.140120083071483,1.47168603796581,0.140120083071483
Coryphaena hippurus,2003,1.93554247947606,0.111705615914683,1.93554247947606,0.111705615914683
Coryphaena hippurus,2004,2.34028254781081,0.207407919930503,2.34028254781081,0.207407919930503
Coryphaena hippurus,2005,1.51560482300888,0.137582067882325,1.51560482300888,0.137582067882325
Coryphaena hippurus,2006,1.69710763024928,0.14122160784364,1.69710763024928,0.14122160784364
Coryphaena hippurus,2007,1.76981643996675,0.169315546451312,1.76981643996675,0.169315546451312
Coryphaena hippurus,2008,1.77353761744535,0.149554524141602,1.77353761744535,0.149554524141602
Coryphaena hippurus,2009,1.81310242832459,0.129535673266658,1.81310242832459,0.129535673266658
Coryphaena hippurus,2010,1.5403688955224,0.151971617006299,1.5403688955224,0.151971617006299
Coryphaena hippurus,2011,1.34683420955904,0.158962373030939,1.34683420955904,0.158962373030939
Coryphaena hippurus,2012,1.40404399368239,0.15289605021884,1.40404399368239,0.15289605021884
Coryphaena hippurus,2013,1.65346881852957,0.133901729956251,1.65346881852957,0.133901729956251
Coryphaena hippurus,2014,1.13807060474193,0.130680072551967,1.13807060474193,0.130680072551967
Coryphaena hippurus,2015,1.21542011304841,0.127109414190246,1.21542011304841,0.127109414190246
Coryphaena hippurus,2016,1.45339192652105,0.10556948499626,1.45339192652105,0.10556948499626
Coryphaena hippurus,2017,1.58465134393734,0.0998644123882609,1.58465134393734,0.0998644123882609
Coryphaena hippurus,2018,1.63740922686158,0.0976160913969811,1.63740922686158,0.0976160913969811
Coryphaena hippurus,2019,1.66051619340477,0.0961118147621903,1.66051619340477,0.0961118147621903
Coryphaena hippurus,2020,1.67336184864893,0.0934580126784079,1.67336184864893,0.0934580126784079
Coryphaena hippurus,2021,1.65702952400715,0.0941424601852295,1.65702952400715,0.0941424601852295
Elasmobranchii,1990,1.66808980277214,0.00253555411445931,1.66808980277214,0.00253555411445931
Elasmobranchii,1991,0.32540390652121,0.0164591592366011,0.32540390652121,0.0164591592366011
Elasmobranchii,1992,0.252118022266088,0.027261000136453,0.252118022266088,0.027261000136453
Elasmobranchii,1993,0.288839775162101,0.0554689912718383,0.288839775162101,0.0554689912718383
Elasmobranchii,1994,0.184666046080209,0.0353513316424991,0.184666046080209,0.0353513316424991
Elasmobranchii,1995,0.178442603327731,0.0288551911754133,0.178442603327731,0.0288551911754133
Elasmobranchii,1996,0.268566837572748,0.0623949773359866,0.268566837572748,0.0623949773359866
Elasmobranchii,1997,0.368261430037166,0.0822685159792684,0.368261430037166,0.0822685159792684
Elasmobranchii,1998,0.374152198999753,0.039626516951826,0.374152198999753,0.039626516951826
Elasmobranchii,1999,0.581690170863177,0.0382128330584968,0.581690170863177,0.0382128330584968
Elasmobranchii,2000,1.8451069594187,0.131233966480314,1.8451069594187,0.131233966480314
Elasmobranchii,2001,2.36156344447354,0.131442950749541,2.36156344447354,0.131442950749541
Elasmobranchii,2002,2.04419659280894,0.122208512488251,2.04419659280894,0.122208512488251
Elasmobranchii,2003,2.03515514259196,0.0694627675195659,2.03515514259196,0.0694627675195659
Elasmobranchii,2004,1.53664049857012,0.0667021274206605,1.53664049857012,0.0667021274206605
Elasmobranchii,2005,1.5943321980839,0.0734148754514412,1.5943321980839,0.0734148754514412
Elasmobranchii,2006,1.5991822086845,0.0709498840099574,1.5991822086845,0.0709498840099574
Elasmobranchii,2007,1.48065187553887,0.0669422459931603,1.48065187553887,0.0669422459931603
Elasmobranchii,2008,1.77879079898306,0.0847075868941768,1.77879079898306,0.0847075868941768
Elasmobranchii,2009,1.91156365359666,0.0770683383878796,1.91156365359666,0.0770683383878796
Elasmobranchii,2010,1.44923915742108,0.070191259348795,1.44923915742108,0.070191259348795
Elasmobranchii,2011,1.29903274514579,0.0698507425779025,1.29903274514579,0.0698507425779025
Elasmobranchii,2012,1.46700036962402,0.0768563463913854,1.46700036962402,0.0768563463913854
Elasmobranchii,2013,1.84322499687671,0.0702459417338061,1.84322499687671,0.0702459417338061
Elasmobranchii,2014,1.60074733210085,0.0872409733278292,1.60074733210085,0.0872409733278292
Elasmobranchii,2015,1.43445280700597,0.0738593185886174,1.43445280700597,0.0738593185886174
Elasmobranchii,2016,0.814562515578155,0.0536482408841037,0.814562515578155,0.0536482408841037
Elasmobranchii,2017,0.395494118268458,0.270416949467222,0.395494118268458,0.270416949467222
Elasmobranchii,2018,0.204068109544039,0.803140893942989,0.204068109544039,0.803140893942989
Elasmobranchii,2019,0.0675533099796887,1.08478170749657,0.0675533099796887,1.08478170749657
Elasmobranchii,2020,0.0341704752538018,1.49586513155437,0.0341704752538018,1.49586513155437
Elasmobranchii,2021,0.0178516167769794,6.48191624381498,0.0178516167769794,6.48191624381498
Haemulidae,1990,1.73171617230333,0.0764065348198301,1.73171617230333,0.0764065348198301
Haemulidae,1991,1.40253499012899,0.0978170998677043,1.40253499012899,0.0978170998677043
Haemulidae,1992,1.31727679683077,0.0894161263486367,1.31727679683077,0.0894161263486367
Haemulidae,1993,1.35121381114146,0.0850966996306846,1.35121381114146,0.0850966996306846
Haemulidae,1994,0.970235938193741,0.125035744997434,0.970235938193741,0.125035744997434
Haemulidae,1995,0.666478801858531,0.0940475810971828,0.666478801858531,0.0940475810971828
Haemulidae,1996,0.550606375884587,0.0912223293333098,0.550606375884587,0.0912223293333098
Haemulidae,1997,0.619902289552645,0.145309335543483,0.619902289552645,0.145309335543483
Haemulidae,1998,0.635593336680732,0.208337942518086,0.635593336680732,0.208337942518086
Haemulidae,1999,0.398266854035365,0.0977134025151773,0.398266854035365,0.0977134025151773
Haemulidae,2000,0.456340474251428,0.107109736228622,0.456340474251428,0.107109736228622
Haemulidae,2001,0.446695657340026,0.117553568841717,0.446695657340026,0.117553568841717
Haemulidae,2002,0.408879509453569,0.160912930091841,0.408879509453569,0.160912930091841
Haemulidae,2003,0.361667986696629,0.0651347605174398,0.361667986696629,0.0651347605174398
Haemulidae,2004,0.430204197802946,0.0607887102488842,0.430204197802946,0.0607887102488842
Haemulidae,2005,1.2260825216345,0.217525639449617,1.2260825216345,0.217525639449617
Haemulidae,2006,1.76477813732695,0.157771149520173,1.76477813732695,0.157771149520173
Haemulidae,2007,1.98726670623435,0.179116253000041,1.98726670623435,0.179116253000041
Haemulidae,2008,1.78859749713417,0.132751804604192,1.78859749713417,0.132751804604192
Haemulidae,2009,1.90471337567335,0.126075516229894,1.90471337567335,0.126075516229894
Haemulidae,2010,1.71542672295463,0.153175237429979,1.71542672295463,0.153175237429979
Haemulidae,2011,1.30524319464392,0.135957041315254,1.30524319464392,0.135957041315254
Haemulidae,2012,1.42490858876083,0.120679231612528,1.42490858876083,0.120679231612528
Haemulidae,2013,2.11902455122343,0.133452756961006,2.11902455122343,0.133452756961006
Haemulidae,2014,2.20755493809284,0.190482441227515,2.20755493809284,0.190482441227515
Haemulidae,2015,2.36125390251636,0.187137145418307,2.36125390251636,0.187137145418307
Haemulidae,2016,1.2636371604632,0.348784281151534,1.2636371604632,0.348784281151534
Haemulidae,2017,0.935842161843144,0.533937859700324,0.935842161843144,0.533937859700324
Haemulidae,2018,0.586260114083933,0.885599141336917,0.586260114083933,0.885599141336917
Haemulidae,2019,0.255368269697523,1.62876268511957,0.255368269697523,1.62876268511957
Haemulidae,2020,0.11435967761061,3.6331420929049,0.11435967761061,3.6331420929049
Haemulidae,2021,0.0487059096925015,9.36261509012823,0.0487059096925015,9.36261509012823
Lile stolifera,1990,1.74841793309905,0.00772488889446361,1.74841793309905,0.00772488889446361
Lile stolifera,1991,1.37994594240915,0.00823187674755554,1.37994594240915,0.00823187674755554
Lile stolifera,1992,1.38484830959348,0.00792693374518573,1.38484830959348,0.00792693374518573
Lile stolifera,1993,1.77307495524484,0.00755061135624404,1.77307495524484,0.00755061135624404
Lile stolifera,1994,0.700365777622849,0.00578258509860453,0.700365777622849,0.00578258509860453
Lile stolifera,1995,1.02636465764054,0.0115553700417956,1.02636465764054,0.0115553700417956
Lile stolifera,1996,0.966430474116127,0.00922613663641374,0.966430474116127,0.00922613663641374
Lile stolifera,1997,1.03088965927403,0.0121562168501235,1.03088965927403,0.0121562168501235
Lile stolifera,1998,0.910826418453778,0.00922543576474085,0.910826418453778,0.00922543576474085
Lile stolifera,1999,1.12943349926213,0.0145122939129987,1.12943349926213,0.0145122939129987
Lile stolifera,2000,1.37649149917636,0.00874529555515726,1.37649149917636,0.00874529555515726
Lile stolifera,2001,1.40047301820381,0.010504617818898,1.40047301820381,0.010504617818898
Lile stolifera,2002,1.19452056742103,0.0122275583404724,1.19452056742103,0.0122275583404724
Lile stolifera,2003,1.36156458608659,0.00865738273423426,1.36156458608659,0.00865738273423426
Lile stolifera,2004,1.06382077684893,0.0106533019368658,1.06382077684893,0.0106533019368658
Lile stolifera,2005,0.9886712010541,0.0100243552670542,0.9886712010541,0.0100243552670542
Lile stolifera,2006,1.04687500929494,0.00988218969425784,1.04687500929494,0.00988218969425784
Lile stolifera,2007,1.0876185400121,0.013374912435757,1.0876185400121,0.013374912435757
Lile stolifera,2008,0.838168554184694,0.00856380891709253,0.838168554184694,0.00856380891709253
Lile stolifera,2009,0.944012689945656,0.00717809788079535,0.944012689945656,0.00717809788079535
Lile stolifera,2010,1.34194410081527,0.010584919348872,1.34194410081527,0.010584919348872
Lile stolifera,2011,2.78675199884026,0.0950987158865999,2.78675199884026,0.0950987158865999
Lile stolifera,2012,1.53327103702737,0.0190435798120988,1.53327103702737,0.0190435798120988
Lile stolifera,2013,1.53033213297693,0.00901939515689545,1.53033213297693,0.00901939515689545
Lile stolifera,2014,1.60281545979898,0.0146592974340617,1.60281545979898,0.0146592974340617
Lile stolifera,2015,2.08468928638969,0.0156774265377995,2.08468928638969,0.0156774265377995
Lile stolifera,2016,0.372776592438739,0.114789696225645,0.372776592438739,0.114789696225645
Lile stolifera,2017,0.155760553881702,0.232909457176631,0.155760553881702,0.232909457176631
Lile stolifera,2018,0.0956406108291265,0.50111977815422,0.0956406108291265,0.50111977815422
Lile stolifera,2019,0.0478636109262672,0.675122266876783,0.0478636109262672,0.675122266876783
Lile stolifera,2020,0.0354187861252611,0.870367726705223,0.0354187861252611,0.870367726705223
Lile stolifera,2021,0.0207910203375999,1.60084510785369,0.0207910203375999,1.60084510785369
Lutjanidae,1990,1.67018911992508,0.0359939363413128,1.67018911992508,0.0359939363413128
Lutjanidae,1991,1.25347173843618,0.0398241275260951,1.25347173843618,0.0398241275260951
Lutjanidae,1992,1.47739755976122,0.0452121445753969,1.47739755976122,0.0452121445753969
Lutjanidae,1993,1.92361953143337,0.0470607014228779,1.92361953143337,0.0470607014228779
Lutjanidae,1994,1.52820702600854,0.0552212279428748,1.52820702600854,0.0552212279428748
Lutjanidae,1995,1.47297875501693,0.0600172737370971,1.47297875501693,0.0600172737370971
Lutjanidae,1996,1.24769274129748,0.0570494467156692,1.24769274129748,0.0570494467156692
Lutjanidae,1997,1.20271170337549,0.0624251980027542,1.20271170337549,0.0624251980027542
Lutjanidae,1998,1.35413811624784,0.0644239919119508,1.35413811624784,0.0644239919119508
Lutjanidae,1999,1.72326275753945,0.0853423256928965,1.72326275753945,0.0853423256928965
Lutjanidae,2000,2.21887292142163,0.0577793704391392,2.21887292142163,0.0577793704391392
Lutjanidae,2001,2.91117134226038,0.0995266385800632,2.91117134226038,0.0995266385800632
Lutjanidae,2002,2.73437588266728,0.12388004109152,2.73437588266728,0.12388004109152
Lutjanidae,2003,2.66161232249113,0.0640147735130064,2.66161232249113,0.0640147735130064
Lutjanidae,2004,1.52389638990589,0.049343827888772,1.52389638990589,0.049343827888772
Lutjanidae,2005,2.04990910342362,0.0829145038003959,2.04990910342362,0.0829145038003959
Lutjanidae,2006,2.07951172100025,0.0739396742313999,2.07951172100025,0.0739396742313999
Lutjanidae,2007,1.75064898443681,0.0720994352880224,1.75064898443681,0.0720994352880224
Lutjanidae,2008,1.67986040873509,0.0637375696120547,1.67986040873509,0.0637375696120547
Lutjanidae,2009,1.7704572704109,0.0618313769815214,1.7704572704109,0.0618313769815214
Lutjanidae,2010,1.41807646834178,0.0738523721268594,1.41807646834178,0.0738523721268594
Lutjanidae,2011,1.06968729454523,0.0702755345975774,1.06968729454523,0.0702755345975774
Lutjanidae,2012,0.996745649124208,0.0611578742530388,0.996745649124208,0.0611578742530388
Lutjanidae,2013,1.20374446093384,0.0586052862002385,1.20374446093384,0.0586052862002385
Lutjanidae,2014,1.10148816016331,0.063224657794067,1.10148816016331,0.063224657794067
Lutjanidae,2015,1.27213429849432,0.0658583671003059,1.27213429849432,0.0658583671003059
Lutjanidae,2016,1.40840111939658,0.0735557523572916,1.40840111939658,0.0735557523572916
Lutjanidae,2017,1.45502503768906,0.0661871085940705,1.45502503768906,0.0661871085940705
Lutjanidae,2018,1.46386339146561,0.077961443054457,1.46386339146561,0.077961443054457
Lutjanidae,2019,1.42970423118744,0.0573467135913958,1.42970423118744,0.0573467135913958
Lutjanidae,2020,1.46198550230427,0.0527618435138157,1.46198550230427,0.0527618435138157
Lutjanidae,2021,1.45390005996376,0.0566305531890983,1.45390005996376,0.0566305531890983
Lutjanus spp,1990,1.66782206640746,0.0205678645408988,1.66782206640746,0.0205678645408988
Lutjanus spp,1991,0.255082922077853,0.0134001372623686,0.255082922077853,0.0134001372623686
Lutjanus spp,1992,0.281188875851961,0.0390730193983815,0.281188875851961,0.0390730193983815
Lutjanus spp,1993,0.466237643292897,0.0282780214566346,0.466237643292897,0.0282780214566346
Lutjanus spp,1994,1.25347856141718,0.128944752718801,1.25347856141718,0.128944752718801
Lutjanus spp,1995,1.68964484216241,0.0939971029724536,1.68964484216241,0.0939971029724536
Lutjanus spp,1996,1.67289157942437,0.0865464967205011,1.67289157942437,0.0865464967205011
Lutjanus spp,1997,1.6165959713734,0.091523733254167,1.6165959713734,0.091523733254167
Lutjanus spp,1998,1.85590618276128,0.117675735393395,1.85590618276128,0.117675735393395
Lutjanus spp,1999,1.57044555814064,0.0991105527583923,1.57044555814064,0.0991105527583923
Lutjanus spp,2000,1.73499453710279,0.0700799568538823,1.73499453710279,0.0700799568538823
Lutjanus spp,2001,1.88868664360421,0.0896497640803355,1.88868664360421,0.0896497640803355
Lutjanus spp,2002,1.81916339414272,0.108107651026317,1.81916339414272,0.108107651026317
Lutjanus spp,2003,2.22709186388796,0.0899503896040611,2.22709186388796,0.0899503896040611
Lutjanus spp,2004,2.00641872993236,0.110247619054913,2.00641872993236,0.110247619054913
Lutjanus spp,2005,2.33933266933187,0.152221866304992,2.33933266933187,0.152221866304992
Lutjanus spp,2006,1.21572220792039,0.0599477075576834,1.21572220792039,0.0599477075576834
Lutjanus spp,2007,1.46583078553039,0.10493474357967,1.46583078553039,0.10493474357967
Lutjanus spp,2008,1.35617691113012,0.0738125323284795,1.35617691113012,0.0738125323284795
Lutjanus spp,2009,1.55004326309733,0.0768667637610669,1.55004326309733,0.0768667637610669
Lutjanus spp,2010,1.45813935110005,0.0870696718784751,1.45813935110005,0.0870696718784751
Lutjanus spp,2011,1.50207601071164,0.102077571255922,1.50207601071164,0.102077571255922
Lutjanus spp,2012,1.61640331527945,0.103316328365037,1.61640331527945,0.103316328365037
Lutjanus spp,2013,1.77728516939697,0.0735639351638529,1.77728516939697,0.0735639351638529
Lutjanus spp,2014,1.8822462417982,0.119012404303094,1.8822462417982,0.119012404303094
Lutjanus spp,2015,2.00581685404948,0.111254481551524,2.00581685404948,0.111254481551524
Lutjanus spp,2016,0.907543967075023,0.205132639654537,0.907543967075023,0.205132639654537
Lutjanus spp,2017,0.381599781961439,0.540323841193051,0.381599781961439,0.540323841193051
Lutjanus spp,2018,0.242277517169815,0.798131886575614,0.242277517169815,0.798131886575614
Lutjanus spp,2019,0.164701492334035,1.18221305849842,0.164701492334035,1.18221305849842
Lutjanus spp,2020,0.0932712559731955,1.72276665732869,0.0932712559731955,1.72276665732869
Lutjanus spp,2021,0.0564572133904751,2.47268229271584,0.0564572133904751,2.47268229271584
Makaira nigricans,1990,1.77600342136838,0.294020683643233,1.77600342136838,0.294020683643233
Makaira nigricans,1991,1.85134911561309,0.290459321236152,1.85134911561309,0.290459321236152
Makaira nigricans,1992,2.15329564704787,0.311523952963548,2.15329564704787,0.311523952963548
Makaira nigricans,1993,2.20234368674946,0.296904115053331,2.20234368674946,0.296904115053331
Makaira nigricans,1994,1.49872624092912,0.303016108364921,1.49872624092912,0.303016108364921
Makaira nigricans,1995,1.19139285388963,0.277633588232955,1.19139285388963,0.277633588232955
Makaira nigricans,1996,1.14188847864532,0.317517529197413,1.14188847864532,0.317517529197413
Makaira nigricans,1997,1.23642611773772,0.419734722820685,1.23642611773772,0.419734722820685
Makaira nigricans,1998,1.325482211518,0.489871331585979,1.325482211518,0.489871331585979
Makaira nigricans,1999,1.1669452693151,0.357315299763846,1.1669452693151,0.357315299763846
Makaira nigricans,2000,1.40186666275189,0.373062892192943,1.40186666275189,0.373062892192943
Makaira nigricans,2001,1.26427951947154,0.327657444489817,1.26427951947154,0.327657444489817
Makaira nigricans,2002,1.13583122392899,0.348185500155214,1.13583122392899,0.348185500155214
Makaira nigricans,2003,1.39377193646033,0.321846842944767,1.39377193646033,0.321846842944767
Makaira nigricans,2004,1.28654318905359,0.386826325497725,1.28654318905359,0.386826325497725
Makaira nigricans,2005,1.23216169858107,0.357996756331541,1.23216169858107,0.357996756331541
Makaira nigricans,2006,1.28448899808184,0.375619706187136,1.28448899808184,0.375619706187136
Makaira nigricans,2007,1.26152052955279,0.367481340583651,1.26152052955279,0.367481340583651
Makaira nigricans,2008,1.43076236377493,0.388142077694478,1.43076236377493,0.388142077694478
Makaira nigricans,2009,1.55640300960312,0.360974857523914,1.55640300960312,0.360974857523914
Makaira nigricans,2010,1.39285085084171,0.383243481531323,1.39285085084171,0.383243481531323
Makaira nigricans,2011,1.32133549759429,0.417166998898774,1.32133549759429,0.417166998898774
Makaira nigricans,2012,1.4457647844777,0.385398200620584,1.4457647844777,0.385398200620584
Makaira nigricans,2013,1.79426333153514,0.374624241453924,1.79426333153514,0.374624241453924
Makaira nigricans,2014,1.64994473543747,0.388949089191148,1.64994473543747,0.388949089191148
Makaira nigricans,2015,1.77387061151661,0.420770968174301,1.77387061151661,0.420770968174301
Makaira nigricans,2016,1.69539174212617,0.386819229989296,1.69539174212617,0.386819229989296
Makaira nigricans,2017,1.61913928981882,0.441868350524622,1.61913928981882,0.441868350524622
Makaira nigricans,2018,1.54521970999683,0.500371969411674,1.54521970999683,0.500371969411674
Makaira nigricans,2019,1.47887474851339,0.443897684313138,1.47887474851339,0.443897684313138
Makaira nigricans,2020,1.42600858517487,0.376133948554711,1.42600858517487,0.376133948554711
Makaira nigricans,2021,1.32474878691858,0.350923135658193,1.32474878691858,0.350923135658193
Penaeus stylirostris,1990,1.82620736160953,1.12121189613077,1.82620736160953,1.12121189613077
Penaeus stylirostris,1991,1.40129075188337,1.20997576923626,1.40129075188337,1.20997576923626
Penaeus stylirostris,1992,1.31448407592109,1.02173536843962,1.31448407592109,1.02173536843962
Penaeus stylirostris,1993,1.39460883029693,1.0559179542753,1.39460883029693,1.0559179542753
Penaeus stylirostris,1994,1.10677992114876,1.17728570115784,1.10677992114876,1.17728570115784
Penaeus stylirostris,1995,1.05967397608989,1.30132201324274,1.05967397608989,1.30132201324274
Penaeus stylirostris,1996,0.808573310502377,1.57485729181962,0.808573310502377,1.57485729181962
Penaeus stylirostris,1997,0.5329779749563,1.42232384389629,0.5329779749563,1.42232384389629
Penaeus stylirostris,1998,0.455586171026343,1.42787124093446,0.455586171026343,1.42787124093446
Penaeus stylirostris,1999,0.449022919249833,1.35225623158164,0.449022919249833,1.35225623158164
Penaeus stylirostris,2000,0.505476512032507,1.38255697832245,0.505476512032507,1.38255697832245
Penaeus stylirostris,2001,0.475663905472275,1.30855790163731,0.475663905472275,1.30855790163731
Penaeus stylirostris,2002,0.426702191600932,1.25002931266482,0.426702191600932,1.25002931266482
Penaeus stylirostris,2003,0.528284222710164,1.23632485499087,0.528284222710164,1.23632485499087
Penaeus stylirostris,2004,0.513961020083675,1.38430201703526,0.513961020083675,1.38430201703526
Penaeus stylirostris,2005,0.489363347125683,1.3524497311128,0.489363347125683,1.3524497311128
Penaeus stylirostris,2006,0.495129723323474,1.39561911870266,0.495129723323474,1.39561911870266
Penaeus stylirostris,2007,0.453758901075405,1.52094353466681,0.453758901075405,1.52094353466681
Penaeus stylirostris,2008,0.404266407209131,1.19769466300546,0.404266407209131,1.19769466300546
Penaeus stylirostris,2009,0.49195072859937,1.44446667978813,0.49195072859937,1.44446667978813
Penaeus stylirostris,2010,0.434082120556542,1.42287393575956,0.434082120556542,1.42287393575956
Penaeus stylirostris,2011,0.39033682551962,1.52600358349481,0.39033682551962,1.52600358349481
Penaeus stylirostris,2012,0.401982932668638,1.58848615875606,0.401982932668638,1.58848615875606
Penaeus stylirostris,2013,0.360788019303189,0.936523319236762,0.360788019303189,0.936523319236762
Penaeus stylirostris,2014,0.477490269460046,1.36920914993818,0.477490269460046,1.36920914993818
Penaeus stylirostris,2015,0.558663238564034,1.670248376607,0.558663238564034,1.670248376607
Penaeus stylirostris,2016,0.510583694779903,2.17717257475416,0.510583694779903,2.17717257475416
Penaeus stylirostris,2017,0.343265497164512,3.01704636643372,0.343265497164512,3.01704636643372
Penaeus stylirostris,2018,0.0240246154665735,51.8253970015117,0.0240246154665735,51.8253970015117
Penaeus stylirostris,2019,3.62109809279445e-06,234959.631079879,3.62109809279445e-06,234959.631079879
Penaeus stylirostris,2020,3.99001417633161e-08,20342636.7572775,3.99001417633161e-08,20342636.7572775
Penaeus stylirostris,2021,4.67941355429301e-09,187274798.001701,4.67941355429301e-09,187274798.001701
Pleuronectiformes,1990,1.73602393066597,0.781728261531292,1.73602393066597,0.781728261531292
Pleuronectiformes,1991,1.70153620641699,0.960741450676909,1.70153620641699,0.960741450676909
Pleuronectiformes,1992,1.51356366677868,0.967903497275657,1.51356366677868,0.967903497275657
Pleuronectiformes,1993,1.22148981146494,0.921775740594808,1.22148981146494,0.921775740594808
Pleuronectiformes,1994,0.733248292684755,1.28116448365211,0.733248292684755,1.28116448365211
Pleuronectiformes,1995,0.401307584345842,0.759327710092351,0.401307584345842,0.759327710092351
Pleuronectiformes,1996,0.364496856770701,0.98885936152629,0.364496856770701,0.98885936152629
Pleuronectiformes,1997,0.285555711642189,1.36893961505081,0.285555711642189,1.36893961505081
Pleuronectiformes,1998,0.221047804197423,0.811112597188772,0.221047804197423,0.811112597188772
Pleuronectiformes,1999,0.270250203269402,1.17938471721954,0.270250203269402,1.17938471721954
Pleuronectiformes,2000,0.319391613306634,1.24800889906954,0.319391613306634,1.24800889906954
Pleuronectiformes,2001,0.273403229722135,0.95525567818831,0.273403229722135,0.95525567818831
Pleuronectiformes,2002,0.253143718618475,0.971518434334727,0.253143718618475,0.971518434334727
Pleuronectiformes,2003,0.315356996006396,0.942369518032293,0.315356996006396,0.942369518032293
Pleuronectiformes,2004,0.30615617136981,1.05112034165801,0.30615617136981,1.05112034165801
Pleuronectiformes,2005,0.31313413330864,1.01344381482145,0.31313413330864,1.01344381482145
Pleuronectiformes,2006,0.350080994599501,0.9376996360357,0.350080994599501,0.9376996360357
Pleuronectiformes,2007,0.408275836622376,1.09655765238694,0.408275836622376,1.09655765238694
Pleuronectiformes,2008,0.407468009985435,1.0639831614182,0.407468009985435,1.0639831614182
Pleuronectiformes,2009,0.444335425391709,1.03423752248099,0.444335425391709,1.03423752248099
Pleuronectiformes,2010,0.461830983742153,1.21233056597847,0.461830983742153,1.21233056597847
Pleuronectiformes,2011,0.451039856522719,1.01988785655779,0.451039856522719,1.01988785655779
Pleuronectiformes,2012,0.50178154455989,0.983309557001175,0.50178154455989,0.983309557001175
Pleuronectiformes,2013,0.677496999321407,1.00473374679533,0.677496999321407,1.00473374679533
Pleuronectiformes,2014,0.71069631256354,1.18842414510635,0.71069631256354,1.18842414510635
Pleuronectiformes,2015,0.753163342858305,1.18598625439378,0.753163342858305,1.18598625439378
Pleuronectiformes,2016,0.676512401309615,1.27964113038584,0.676512401309615,1.27964113038584
Pleuronectiformes,2017,0.540925579148776,1.80865660564333,0.540925579148776,1.80865660564333
Pleuronectiformes,2018,0.101103891442425,9.59446717972802,0.101103891442425,9.59446717972802
Pleuronectiformes,2019,0.0031758622246165,257.756581276392,0.0031758622246165,257.756581276392
Pleuronectiformes,2020,0.000180255115952101,4243.73042582872,0.000180255115952101,4243.73042582872
Pleuronectiformes,2021,2.3380367793963e-05,35541.0916903031,2.3380367793963e-05,35541.0916903031
Sciaenidae,1990,1.67765510047707,0.0207962037396848,1.67765510047707,0.0207962037396848
Sciaenidae,1991,1.68710813024051,0.0607935366399945,1.68710813024051,0.0607935366399945
Sciaenidae,1992,1.84578585037214,0.0629670729166374,1.84578585037214,0.0629670729166374
Sciaenidae,1993,2.02693717508588,0.057321708987351,2.02693717508588,0.057321708987351
Sciaenidae,1994,1.28512470571847,0.0624155499973103,1.28512470571847,0.0624155499973103
Sciaenidae,1995,1.16507041078679,0.0528014648586974,1.16507041078679,0.0528014648586974
Sciaenidae,1996,1.37409813023173,0.0792295493399771,1.37409813023173,0.0792295493399771
Sciaenidae,1997,1.3891739786679,0.0780828423942794,1.3891739786679,0.0780828423942794
Sciaenidae,1998,1.64821658988272,0.0781861884623586,1.64821658988272,0.0781861884623586
Sciaenidae,1999,2.34533153197169,0.153130366392739,2.34533153197169,0.153130366392739
Sciaenidae,2000,2.6579799591104,0.111387668551811,2.6579799591104,0.111387668551811
Sciaenidae,2001,2.2915196732075,0.0995092851622616,2.2915196732075,0.0995092851622616
Sciaenidae,2002,1.57737933134121,0.0832362490703583,1.57737933134121,0.0832362490703583
Sciaenidae,2003,1.77899439165728,0.0654329656628429,1.77899439165728,0.0654329656628429
Sciaenidae,2004,1.29647732091129,0.0533180066173027,1.29647732091129,0.0533180066173027
Sciaenidae,2005,1.93881695441255,0.103391376975649,1.93881695441255,0.103391376975649
Sciaenidae,2006,2.11161421303649,0.103114645596755,2.11161421303649,0.103114645596755
Sciaenidae,2007,1.53314630118024,0.0735624151201145,1.53314630118024,0.0735624151201145
Sciaenidae,2008,1.71785742115494,0.0831994298440332,1.71785742115494,0.0831994298440332
Sciaenidae,2009,1.9099622078331,0.0801613784494986,1.9099622078331,0.0801613784494986
Sciaenidae,2010,1.50288015216746,0.0922318828822074,1.50288015216746,0.0922318828822074
Sciaenidae,2011,0.992830849947726,0.0860456649930656,0.992830849947726,0.0860456649930656
Sciaenidae,2012,0.815857604385852,0.0805977135303742,0.815857604385852,0.0805977135303742
Sciaenidae,2013,0.758474423458732,0.102171625309206,0.758474423458732,0.102171625309206
Sciaenidae,2014,0.320928750203018,0.0501227399099991,0.320928750203018,0.0501227399099991
Sciaenidae,2015,0.285095959825343,0.0522289406253717,0.285095959825343,0.0522289406253717
Sciaenidae,2016,0.382826539282299,0.0397473071575833,0.382826539282299,0.0397473071575833
Sciaenidae,2017,0.481413542747971,0.0316075944978021,0.481413542747971,0.0316075944978021
Sciaenidae,2018,0.5596079271212,0.0186452876522695,0.5596079271212,0.0186452876522695
Sciaenidae,2019,0.618288426297312,0.039142251529695,0.618288426297312,0.039142251529695
Sciaenidae,2020,0.646188402427498,0.0377835882309664,0.646188402427498,0.0377835882309664
Sciaenidae,2021,0.639119043338134,0.0387235977766857,0.639119043338134,0.0387235977766857
Serranidae,1990,1.66083896788728,0.0162943107100758,1.66083896788728,0.0162943107100758
Serranidae,1991,0.898366941573252,0.0286321126310279,0.898366941573252,0.0286321126310279
Serranidae,1992,1.2148477145612,0.0454104150409626,1.2148477145612,0.0454104150409626
Serranidae,1993,1.73938499920117,0.0506346868709883,1.73938499920117,0.0506346868709883
Serranidae,1994,1.42482512005065,0.048698261048358,1.42482512005065,0.048698261048358
Serranidae,1995,1.83650739991465,0.0648411436355026,1.83650739991465,0.0648411436355026
Serranidae,1996,2.32601305104078,0.0895880029397882,2.32601305104078,0.0895880029397882
Serranidae,1997,2.53309611349077,0.114020565843895,2.53309611349077,0.114020565843895
Serranidae,1998,2.47420134915445,0.108881135622685,2.47420134915445,0.108881135622685
Serranidae,1999,2.40638803729936,0.116837682318452,2.40638803729936,0.116837682318452
Serranidae,2000,2.58543267518921,0.0823409687056377,2.58543267518921,0.0823409687056377
Serranidae,2001,2.1935821239517,0.0734280686952041,2.1935821239517,0.0734280686952041
Serranidae,2002,2.07154503823979,0.0965139035259041,2.07154503823979,0.0965139035259041
Serranidae,2003,1.99593738751763,0.055260377419233,1.99593738751763,0.055260377419233
Serranidae,2004,1.487615369409,0.0713153982802917,1.487615369409,0.0713153982802917
Serranidae,2005,1.14882687988573,0.0567038528456723,1.14882687988573,0.0567038528456723
Serranidae,2006,1.18800250581653,0.0596593745428108,1.18800250581653,0.0596593745428108
Serranidae,2007,1.2838698494006,0.0756453414927556,1.2838698494006,0.0756453414927556
Serranidae,2008,1.35201880265777,0.0768708690897197,1.35201880265777,0.0768708690897197
Serranidae,2009,1.1253908143649,0.0632762469935861,1.1253908143649,0.0632762469935861
Serranidae,2010,0.731314488599099,0.0714978618744794,0.731314488599099,0.0714978618744794
Serranidae,2011,0.490011370291364,0.0621171665885867,0.490011370291364,0.0621171665885867
Serranidae,2012,0.461867628040818,0.0433886664286794,0.461867628040818,0.0433886664286794
Serranidae,2013,0.826365474700639,0.0663690833588705,0.826365474700639,0.0663690833588705
Serranidae,2014,1.03318651528317,0.0756115821369922,1.03318651528317,0.0756115821369922
Serranidae,2015,1.33320375810835,0.0776083826087621,1.33320375810835,0.0776083826087621
Serranidae,2016,1.34954188164643,0.0924493780449194,1.34954188164643,0.0924493780449194
Serranidae,2017,1.2321746154202,0.0926979736343962,1.2321746154202,0.0926979736343962
Serranidae,2018,1.05187008048132,0.134467893423369,1.05187008048132,0.134467893423369
Serranidae,2019,0.937043280233412,0.0994444665747769,0.937043280233412,0.0994444665747769
Serranidae,2020,0.830201357963057,0.105498744952401,0.830201357963057,0.105498744952401
Serranidae,2021,0.747464892641369,0.12432527883492,0.747464892641369,0.12432527883492
Trichiuridae,1990,1.6969148309028,0.0201555303247677,1.6969148309028,0.0201555303247677
Trichiuridae,1991,1.10405979091475,0.0340295144631916,1.10405979091475,0.0340295144631916
Trichiuridae,1992,1.04369273010364,0.0341358234427915,1.04369273010364,0.0341358234427915
Trichiuridae,1993,1.11806860629109,0.0351094901935901,1.11806860629109,0.0351094901935901
Trichiuridae,1994,0.87109609246478,0.0443200811204335,0.87109609246478,0.0443200811204335
Trichiuridae,1995,0.763452859872503,0.0485326667059241,0.763452859872503,0.0485326667059241
Trichiuridae,1996,0.610123817179615,0.0437420960413356,0.610123817179615,0.0437420960413356
Trichiuridae,1997,0.560460597051039,0.046231209830956,0.560460597051039,0.046231209830956
Trichiuridae,1998,0.666803299248691,0.0639217279019396,0.666803299248691,0.0639217279019396
Trichiuridae,1999,0.661478491073216,0.0605191891384334,0.661478491073216,0.0605191891384334
Trichiuridae,2000,0.75062433646406,0.0472909752343494,0.75062433646406,0.0472909752343494
Trichiuridae,2001,0.642957731640365,0.0447322660728252,0.642957731640365,0.0447322660728252
Trichiuridae,2002,0.581302983662317,0.0574999546334663,0.581302983662317,0.0574999546334663
Trichiuridae,2003,0.584841499537439,0.0363292150394407,0.584841499537439,0.0363292150394407
Trichiuridae,2004,0.56938502892954,0.0334473441671402,0.56938502892954,0.0334473441671402
Trichiuridae,2005,0.951503453122863,0.0747501939545571,0.951503453122863,0.0747501939545571
Trichiuridae,2006,1.10610858386663,0.0672302115606424,1.10610858386663,0.0672302115606424
Trichiuridae,2007,0.78730167213453,0.0441005461959205,0.78730167213453,0.0441005461959205
Trichiuridae,2008,0.808461764629636,0.0491959371954262,0.808461764629636,0.0491959371954262
Trichiuridae,2009,0.871416787680518,0.04608781508156,0.871416787680518,0.04608781508156
Trichiuridae,2010,0.815649039722394,0.0478094243413413,0.815649039722394,0.0478094243413413
Trichiuridae,2011,0.905797717471344,0.0524910415645886,0.905797717471344,0.0524910415645886
Trichiuridae,2012,1.34277134454874,0.0453467473730231,1.34277134454874,0.0453467473730231
Trichiuridae,2013,3.29110934832821,0.192297042131333,3.29110934832821,0.192297042131333
Trichiuridae,2014,2.29230489607602,0.0922355030128002,2.29230489607602,0.0922355030128002
Trichiuridae,2015,2.86244700897579,0.0938688818488936,2.86244700897579,0.0938688818488936
Trichiuridae,2016,0.304846700259281,0.949406101524156,0.304846700259281,0.949406101524156
Trichiuridae,2017,0.238047757432554,1.25282835163028,0.238047757432554,1.25282835163028
Trichiuridae,2018,0.156315751099282,2.07364740109834,0.156315751099282,2.07364740109834
Trichiuridae,2019,0.0842706659573147,3.53591452558119,0.0842706659573147,3.53591452558119
Trichiuridae,2020,0.0423550415117141,6.71152863008437,0.0423550415117141,6.71152863008437
Trichiuridae,2021,0.0257895180459961,11.9006911042948,0.0257895180459961,11.9006911042948
Xiphias gladius,1990,1.77134404034605,1.25588009504933,1.77134404034605,1.25588009504933
Xiphias gladius,1991,1.66055650214396,1.49142786138432,1.66055650214396,1.49142786138432
Xiphias gladius,1992,1.40227833941637,1.09552330976738,1.40227833941637,1.09552330976738
Xiphias gladius,1993,1.3807136540309,0.944462811379112,1.3807136540309,0.944462811379112
Xiphias gladius,1994,1.27185596402701,1.27541905396089,1.27185596402701,1.27541905396089
Xiphias gladius,1995,1.30938087510866,1.63631471772092,1.30938087510866,1.63631471772092
Xiphias gladius,1996,1.06497627653897,1.5821029830889,1.06497627653897,1.5821029830889
Xiphias gladius,1997,0.852772037770215,1.65701578704239,0.852772037770215,1.65701578704239
Xiphias gladius,1998,0.70420158708511,1.75448930494181,0.70420158708511,1.75448930494181
Xiphias gladius,1999,0.598120926054967,1.46802232966599,0.598120926054967,1.46802232966599
Xiphias gladius,2000,0.685715548691869,1.36866419030558,0.685715548691869,1.36866419030558
Xiphias gladius,2001,0.685553311420985,1.47113713640338,0.685553311420985,1.47113713640338
Xiphias gladius,2002,0.622716688022264,1.63802571687695,0.622716688022264,1.63802571687695
Xiphias gladius,2003,0.661198441611931,1.33943066043313,0.661198441611931,1.33943066043313
Xiphias gladius,2004,0.575717946659994,1.51729286372195,0.575717946659994,1.51729286372195
Xiphias gladius,2005,0.554165141674651,1.5787812326906,0.554165141674651,1.5787812326906
Xiphias gladius,2006,0.548935285585417,1.65226856608453,0.548935285585417,1.65226856608453
Xiphias gladius,2007,0.482713960330346,1.48150814247263,0.482713960330346,1.48150814247263
Xiphias gladius,2008,0.502788756075529,1.60267219780382,0.502788756075529,1.60267219780382
Xiphias gladius,2009,0.503044949628113,1.4522603825293,0.503044949628113,1.4522603825293
Xiphias gladius,2010,0.462127248507308,1.61863844285918,0.462127248507308,1.61863844285918
Xiphias gladius,2011,0.428834558098366,1.71654392773363,0.428834558098366,1.71654392773363
Xiphias gladius,2012,0.441759309376058,2.21761322071935,0.441759309376058,2.21761322071935
Xiphias gladius,2013,0.357727614154313,1.32192750790539,0.357727614154313,1.32192750790539
Xiphias gladius,2014,0.300492188195354,1.43449726462539,0.300492188195354,1.43449726462539
Xiphias gladius,2015,0.312073915300575,1.64239722274503,0.312073915300575,1.64239722274503
Xiphias gladius,2016,0.303190773900335,1.44118166768317,0.303190773900335,1.44118166768317
Xiphias gladius,2017,0.301468003494492,1.74296955893856,0.301468003494492,1.74296955893856
Xiphias gladius,2018,0.286414448729333,1.70976995034423,0.286414448729333,1.70976995034423
Xiphias gladius,2019,0.256084971930418,2.007130719156,0.256084971930418,2.007130719156
Xiphias gladius,2020,0.167106274399405,3.3287066782511,0.167106274399405,3.3287066782511
Xiphias gladius,2021,0.0444212181267111,12.6278777767236,0.0444212181267111,12.6278777767236
